"forum","i"
"jobs",52
"jobs",53
"jobs",61
"jobs",77
"jobs",105
"jobs",106
"jobs",168
"jobs",207
"jobs",226
"jobs",235
"jobs",274
"jobs",275
"jobs",277
"jobs",1360
"jobs",1407
"jobs",1424
"jobs",1438
"jobs",1457
"jobs",1458
"jobs",1492
"jobs",1547
"jobs",1612
"jobs",1626
"jobs",1639
"jobs",1642
"jobs",1662
"jobs",1671
"jobs",1694
"jobs",1701
"jobs",1980
"jobs",1995
"jobs",2016
"jobs",2017
"jobs",2069
"jobs",2086
"jobs",2133
"jobs",2150
"jobs",2166
"jobs",2184
"jobs",2197
"jobs",2211
"jobs",2215
"jobs",2223
"jobs",2225
"jobs",2227
"jobs",2228
"jobs",2232
"jobs",2267
"jobs",2277
"jobs",2280
"jobs",2282
"jobs",2291
"jobs",2297
"jobs",2303
"jobs",2305
"jobs",2335
"jobs",2467
"jobs",2470
"jobs",2471
"jobs",2549
"jobs",2605
"jobs",2607
"jobs",2635
"jobs",2639
"jobs",2679
"jobs",2680
"jobs",2709
"jobs",2710
"jobs",3090
"jobs",3094
"jobs",3098
"jobs",3112
"jobs",3130
"jobs",3140
"jobs",3207
"jobs",3319
"jobs",3321
"jobs",3322
"jobs",3323
"jobs",3325
"jobs",3356
"jobs",3361
"jobs",3365
"jobs",3371
"jobs",3384
"jobs",3421
"jobs",3443
"jobs",3477
"jobs",3532
"jobs",3545
"jobs",3598
"jobs",3682
"jobs",3684
"jobs",3693
"jobs",3742
"jobs",3768
"jobs",3823
"jobs",3865
"jobs",3868
"jobs",3870
"jobs",3898
"jobs",3918
"jobs",3925
"jobs",3943
"jobs",3945
"jobs",3946
"jobs",3952
"jobs",3954
"jobs",3955
"jobs",3959
"jobs",3983
"jobs",3988
"jobs",3989
"jobs",3990
"jobs",3995
"jobs",4001
"jobs",4012
"jobs",4017
"jobs",4027
"jobs",4028
"jobs",4029
"jobs",4030
"jobs",4039
"jobs",4040
"jobs",4041
"jobs",4042
"jobs",4046
"jobs",4047
"jobs",4056
"jobs",4057
"jobs",4059
"jobs",4061
"jobs",4076
"jobs",4098
"jobs",4106
"jobs",4133
"jobs",4148
"jobs",4169
"jobs",4171
"jobs",4172
"jobs",4177
"jobs",4182
"jobs",4186
"jobs",4196
"jobs",4197
"jobs",4204
"jobs",4211
"jobs",4217
"jobs",4218
"jobs",4235
"jobs",4237
"jobs",4246
"jobs",4251
"jobs",4256
"jobs",4262
"jobs",4269
"jobs",4271
"jobs",4273
"jobs",4291
"jobs",4292
"jobs",4299
"jobs",4300
"jobs",4301
"jobs",4303
"jobs",4312
"jobs",4313
"jobs",4335
"jobs",4353
"jobs",4354
"jobs",4361
"jobs",4377
"jobs",4379
"jobs",4383
"jobs",4386
"jobs",4392
"jobs",4393
"jobs",4408
"jobs",4422
"jobs",4433
"jobs",4470
"jobs",4502
"jobs",4587
"jobs",4590
"jobs",4605
"jobs",4610
"jobs",4635
"jobs",4636
"jobs",4679
"jobs",4699
"jobs",4712
"jobs",4723
"jobs",4740
"jobs",4746
"jobs",4751
"jobs",4760
"jobs",4771
"jobs",4828
"jobs",4869
"jobs",4922
"jobs",4957
"jobs",4958
"jobs",4963
"jobs",5063
"jobs",5112
"jobs",5114
"jobs",5115
"jobs",5116
"jobs",5117
"jobs",5123
"jobs",5124
"jobs",5194
"jobs",5195
"jobs",5209
"jobs",5225
"jobs",5293
"jobs",5294
"jobs",5300
"jobs",5308
"jobs",5309
"jobs",5310
"jobs",5317
"jobs",5325
"jobs",5326
"jobs",5354
"jobs",5357
"jobs",5372
"jobs",5380
"jobs",5404
"jobs",5405
"jobs",5423
"jobs",5442
"jobs",5455
"jobs",5456
"jobs",5457
"jobs",5511
"jobs",5520
"jobs",5571
"jobs",5592
"jobs",5594
"jobs",5640
"jobs",5653
"jobs",5654
"jobs",5661
"jobs",5695
"jobs",5717
"jobs",5718
"jobs",5738
"jobs",5773
"jobs",5774
"jobs",5794
"jobs",5820
"jobs",5840
"jobs",5846
"jobs",5848
"jobs",5855
"jobs",5863
"jobs",5867
"jobs",5868
"jobs",5872
"jobs",5876
"jobs",5891
"jobs",5903
"jobs",5907
"jobs",5936
"jobs",5975
"jobs",5981
"jobs",5985
"jobs",6000
"jobs",6001
"jobs",6051
"jobs",6056
"jobs",6093
"jobs",6141
"jobs",6142
"jobs",6146
"jobs",6147
"jobs",6162
"jobs",6199
"jobs",6211
"jobs",6232
"jobs",6233
"jobs",6277
"jobs",6342
"jobs",6413
"jobs",6422
"jobs",6428
"jobs",6440
"jobs",6451
"jobs",6459
"jobs",6467
"jobs",6485
"jobs",6486
"jobs",6493
"jobs",6582
"jobs",6593
"jobs",6613
"jobs",6655
"jobs",6706
"jobs",6745
"jobs",6806
"jobs",6822
"jobs",6915
"jobs",6916
"jobs",6917
"jobs",6921
"jobs",6949
"jobs",6988
"jobs",7005
"jobs",7020
"jobs",7076
"jobs",7151
"jobs",7167
"jobs",7178
"jobs",7181
"jobs",7183
"jobs",7184
"jobs",7186
"jobs",7211
"jobs",7214
"jobs",7225
"jobs",7253
"jobs",7254
"jobs",7276
"jobs",7353
"jobs",7414
"jobs",7460
"jobs",7566
"jobs",7639
"jobs",7663
"jobs",7681
"jobs",7842
"jobs",7884
"jobs",7885
"jobs",7924
"jobs",8054
"jobs",8252
"jobs",8544
"jobs",8549
"jobs",8762
"jobs",8824
"jobs",8869
"jobs",8870
"jobs",9004
"jobs",9049
"jobs",9062
"jobs",9124
"jobs",9200
"jobs",9231
"jobs",9248
"jobs",9334
"jobs",9344
"jobs",9376
"jobs",9427
"jobs",9496
"jobs",9516
"jobs",9719
"jobs",9826
"jobs",9849
"jobs",9923
"jobs",10085
"jobs",10328
"jobs",10343
"jobs",10505
"jobs",10779
"jobs",10822
"jobs",10861
"jobs",10957
"jobs",10970
"jobs",11000
"jobs",11016
"jobs",11064
"jobs",11570
"jobs",11737
"jobs",11746
"jobs",11861
"jobs",11939
"jobs",11965
"jobs",11993
"jobs",12021
"jobs",12049
"jobs",12151
"jobs",12242
"jobs",12248
"jobs",12356
"jobs",12363
"jobs",12381
"jobs",12382
"jobs",12423
"jobs",12540
"jobs",12645
"jobs",12780
"jobs",12933
"jobs",12948
"jobs",13145
"jobs",13173
"jobs",13204
"jobs",13205
"jobs",13209
"jobs",13283
"jobs",13284
"jobs",13404
"jobs",13475
"jobs",13540
"jobs",13625
"jobs",13638
"jobs",13639
"jobs",13699
"jobs",13759
"jobs",13760
"jobs",14084
"jobs",14142
"jobs",14154
"jobs",14201
"jobs",14227
"jobs",14382
"jobs",14483
"jobs",14592
"jobs",14693
"jobs",14694
"jobs",14715
"jobs",14809
"jobs",14892
"jobs",15074
"jobs",15174
"jobs",15251
"jobs",15252
"jobs",15285
"jobs",15293
"jobs",15295
"jobs",15303
"jobs",15315
"jobs",15337
"jobs",15404
"jobs",15552
"jobs",15581
"jobs",15661
"jobs",15680
"jobs",15683
"jobs",15710
"jobs",15845
"jobs",15932
"jobs",16006
"jobs",16016
"jobs",16017
"jobs",16029
"jobs",16033
"jobs",16071
"jobs",16081
"jobs",16143
"jobs",16194
"jobs",16321
"jobs",16332
"jobs",16375
"jobs",16376
"jobs",16423
"jobs",16425
"jobs",16545
"jobs",16759
"jobs",16875
"jobs",16923
"jobs",16970
"jobs",16972
"jobs",17017
"jobs",17106
"jobs",17118
"jobs",17206
"jobs",17272
"jobs",17363
"jobs",17473
"jobs",17475
"jobs",17476
"jobs",17506
"jobs",17832
"jobs",18021
"jobs",18044
"jobs",18123
"jobs",18126
"jobs",18161
"jobs",18354
"jobs",18404
"jobs",18447
"jobs",18455
"jobs",18531
"jobs",18581
"jobs",18766
"jobs",18793
"jobs",18805
"jobs",18916
"jobs",19100
"jobs",19157
"jobs",19450
"jobs",19490
"jobs",19491
"jobs",19520
"jobs",19577
"jobs",19678
"jobs",19704
"jobs",19735
"jobs",19829
"jobs",19856
"jobs",20235
"jobs",20443
"jobs",20477
"jobs",20584
"jobs",20682
"jobs",20799
"jobs",20844
"jobs",20888
"jobs",21108
"jobs",21189
"jobs",21232
"jobs",21252
"jobs",21417
"jobs",21461
"jobs",21472
"jobs",21549
"jobs",21656
"jobs",21736
"jobs",21751
"jobs",21883
"jobs",22070
"jobs",22075
"jobs",22129
"jobs",22191
"jobs",22226
"jobs",22555
"jobs",22635
"jobs",22676
"jobs",22683
"jobs",22709
"jobs",22957
"jobs",23065
"jobs",23076
"jobs",23077
"jobs",23153
"jobs",23159
"jobs",23161
"jobs",23273
"jobs",23382
"jobs",23384
"jobs",23436
"jobs",23599
"jobs",24398
"jobs",24483
"jobs",24623
"jobs",24685
"jobs",24789
"jobs",24798
"jobs",24847
"jobs",25512
"jobs",25564
"jobs",25657
"jobs",25811
"jobs",27188
"jobs",27795
"jobs",27959
"jobs",28435
"jobs",28736
"jobs",28879
"jobs",29126
"jobs",29478
"jobs",31709
"jobs",34546
"jobs",34749
"jobs",35084
"jobs",36150
"jobs",36491
"jobs",37714
"news",49
"news",50
"news",86
"news",87
"news",88
"news",89
"news",90
"news",198
"news",204
"news",205
"news",206
"news",246
"news",281
"news",285
"news",1433
"news",1440
"news",1451
"news",1520
"news",1544
"news",1602
"news",2169
"news",2231
"news",2316
"news",2323
"news",2579
"news",2832
"news",3106
"news",3265
"news",3266
"news",3333
"news",3342
"news",3373
"news",3405
"news",3411
"news",3420
"news",3443
"news",3492
"news",3523
"news",3538
"news",3640
"news",3648
"news",3653
"news",3738
"news",3797
"news",3830
"news",3996
"news",4000
"news",4043
"news",4072
"news",4084
"news",4096
"news",4105
"news",4112
"news",4121
"news",4225
"news",4284
"news",4301
"news",4343
"news",4349
"news",4354
"news",4359
"news",4366
"news",4367
"news",4388
"news",4399
"news",4401
"news",4469
"news",4477
"news",4554
"news",4555
"news",4557
"news",4586
"news",4697
"news",4742
"news",4760
"news",4763
"news",4776
"news",4852
"news",5049
"news",5053
"news",5077
"news",5152
"news",5178
"news",5181
"news",5286
"news",5374
"news",5382
"news",5392
"news",5397
"news",5592
"news",5727
"news",6010
"news",6299
"news",6312
"news",6506
"news",6515
"news",6570
"news",6759
"news",6965
"news",6967
"news",6984
"news",7045
"news",7086
"news",7134
"news",7184
"news",7285
"news",7353
"news",7569
"news",8210
"news",8249
"news",8435
"news",8566
"news",8614
"news",8736
"news",8999
"news",9217
"news",9296
"news",9348
"news",9362
"news",9481
"news",9496
"news",9638
"news",9930
"news",10062
"news",10282
"news",10345
"news",10623
"news",10947
"news",11596
"news",12501
"news",12919
"news",13684
"news",14367
"news",14493
"news",14592
"news",15241
"news",16087
"news",17506
"news",18831
"news",19631
"news",19839
"news",20456
"news",20585
"news",20840
"news",20865
"news",21357
"news",21412
"news",21599
"news",23107
"news",23109
"news",24233
"news",24490
"news",24680
"news",24877
"news",29945
"news",30113
"news",30530
"news",33726
"news",35312
"conferences",80
"conferences",81
"conferences",82
"conferences",112
"conferences",113
"conferences",151
"conferences",196
"conferences",197
"conferences",201
"conferences",202
"conferences",203
"conferences",216
"conferences",224
"conferences",276
"conferences",280
"conferences",284
"conferences",292
"conferences",1359
"conferences",1432
"conferences",1549
"conferences",1550
"conferences",1574
"conferences",1580
"conferences",1585
"conferences",1586
"conferences",1610
"conferences",1611
"conferences",1620
"conferences",1672
"conferences",1676
"conferences",1708
"conferences",2061
"conferences",2062
"conferences",2129
"conferences",2154
"conferences",2160
"conferences",2174
"conferences",2183
"conferences",2208
"conferences",2229
"conferences",2257
"conferences",2271
"conferences",2307
"conferences",2350
"conferences",2378
"conferences",2402
"conferences",2469
"conferences",2484
"conferences",2529
"conferences",2558
"conferences",2597
"conferences",2609
"conferences",2714
"conferences",2754
"conferences",2830
"conferences",2831
"conferences",3100
"conferences",3105
"conferences",3172
"conferences",3241
"conferences",3260
"conferences",3306
"conferences",3334
"conferences",3359
"conferences",3420
"conferences",3445
"conferences",3464
"conferences",3487
"conferences",3508
"conferences",3517
"conferences",3555
"conferences",3594
"conferences",3606
"conferences",3621
"conferences",3699
"conferences",3738
"conferences",3855
"conferences",3864
"conferences",3871
"conferences",3874
"conferences",3888
"conferences",3892
"conferences",3906
"conferences",3939
"conferences",3948
"conferences",3953
"conferences",3968
"conferences",3972
"conferences",3981
"conferences",3984
"conferences",3994
"conferences",4005
"conferences",4010
"conferences",4058
"conferences",4094
"conferences",4097
"conferences",4158
"conferences",4183
"conferences",4190
"conferences",4193
"conferences",4220
"conferences",4221
"conferences",4231
"conferences",4239
"conferences",4242
"conferences",4268
"conferences",4298
"conferences",4329
"conferences",4339
"conferences",4368
"conferences",4372
"conferences",4373
"conferences",4374
"conferences",4378
"conferences",4399
"conferences",4406
"conferences",4411
"conferences",4419
"conferences",4431
"conferences",4443
"conferences",4474
"conferences",4476
"conferences",4517
"conferences",4563
"conferences",4592
"conferences",4678
"conferences",4694
"conferences",4697
"conferences",4706
"conferences",4713
"conferences",4728
"conferences",4730
"conferences",4735
"conferences",4763
"conferences",4789
"conferences",4793
"conferences",4803
"conferences",4853
"conferences",4913
"conferences",4949
"conferences",4984
"conferences",4988
"conferences",5039
"conferences",5074
"conferences",5135
"conferences",5154
"conferences",5175
"conferences",5176
"conferences",5183
"conferences",5196
"conferences",5381
"conferences",5396
"conferences",5406
"conferences",5550
"conferences",5600
"conferences",5607
"conferences",5639
"conferences",5724
"conferences",5779
"conferences",5860
"conferences",5869
"conferences",5904
"conferences",5915
"conferences",6013
"conferences",6037
"conferences",6189
"conferences",6315
"conferences",6388
"conferences",6520
"conferences",6543
"conferences",6693
"conferences",6762
"conferences",6780
"conferences",6860
"conferences",6928
"conferences",6970
"conferences",6984
"conferences",7042
"conferences",7084
"conferences",7103
"conferences",7105
"conferences",7173
"conferences",7187
"conferences",7188
"conferences",7299
"conferences",7300
"conferences",7322
"conferences",7362
"conferences",7420
"conferences",7462
"conferences",7513
"conferences",7541
"conferences",7761
"conferences",7777
"conferences",7809
"conferences",7840
"conferences",8222
"conferences",8248
"conferences",8317
"conferences",8564
"conferences",8574
"conferences",8602
"conferences",8963
"conferences",8999
"conferences",9047
"conferences",9061
"conferences",9325
"conferences",9362
"conferences",9377
"conferences",9481
"conferences",9638
"conferences",9644
"conferences",9663
"conferences",9664
"conferences",9946
"conferences",9978
"conferences",10084
"conferences",10449
"conferences",10962
"conferences",11329
"conferences",11437
"conferences",11876
"conferences",12115
"conferences",12252
"conferences",12460
"conferences",12490
"conferences",12520
"conferences",12685
"conferences",12717
"conferences",13580
"conferences",13751
"conferences",14289
"conferences",14367
"conferences",14479
"conferences",14676
"conferences",15772
"conferences",16136
"conferences",17479
"conferences",18744
"conferences",18979
"conferences",19007
"conferences",19354
"conferences",19460
"conferences",19537
"conferences",19582
"conferences",19631
"conferences",19756
"conferences",19839
"conferences",20104
"conferences",20284
"conferences",20365
"conferences",20381
"conferences",20554
"conferences",20585
"conferences",20669
"conferences",21369
"conferences",21412
"conferences",21568
"conferences",22068
"conferences",22086
"conferences",22123
"conferences",22124
"conferences",22601
"conferences",22614
"conferences",22615
"conferences",22616
"conferences",22617
"conferences",22654
"conferences",23470
"conferences",23533
"conferences",23535
"conferences",23640
"conferences",24233
"conferences",24394
"conferences",24397
"conferences",24638
"conferences",24788
"conferences",24870
"conferences",25392
"conferences",26089
"conferences",30145
"conferences",30419
"conferences",32155
"conferences",33065
"conferences",34133
